label,model,tier,question,model_answer,gold_answer,rouge_l
fabrication,Mistral-7B,unanswerable,What are the indications for root canal treatment?,The context does not provide enough information to answer the question about indications for root canal treatment for maxillomandibular AVM.,The provided context does not contain enough information to answer this question.,0.5625
gap_filling,Llama-3-8B,partial,What is the mechanism of action of beta-blockers?,"According to the provided context, the estimated action mechanism of beta-blockers includes:

""inducing vascular contraction by suppressing nitric oxide production, inhibiting renin production, contro",The corpus describes beta-blockers in cardiovascular management but does not explain the specific receptor pharmacology: competitive antagonism at beta-1 adrenergic receptors (reducing heart rate and ,0.1321
factual_drift,Mistral-7B,answerable,What is the pathophysiology of sepsis?,"Sepsis is a clinical syndrome where the body's response to pathogen infection is disproportionate, leading to severe organ dysfunction and a high mortality rate. It affects approximately 20.6% of pati","Sepsis results from a dysregulated host response to infection: pathogens trigger massive cytokine release (cytokine storm), causing systemic endothelial injury, microvascular dysfunction, impaired oxy",0.1183
false_certainty,Mistral-7B,ambiguous,Can sepsis be prevented?,"Yes, sepsis can be prevented by treating infections early and through good hygiene practices at home and in healthcare settings. Specific preventive measures include good personal hygiene, avoiding un",Sepsis prevention varies by setting and population: vaccination reduces infectious triggers; hand hygiene and care bundles reduce hospital-acquired sepsis; early antibiotic stewardship and source cont,0.129
over_refusal,Llama-3-8B,ambiguous,Is chemotherapy safe?,"The provided context does not contain enough information to answer this question. The text discusses the evaluation of balance of benefits and risks, patient's values and wishes, and cost assessment, ","Safety depends on the specific agent, cumulative dose, patient organ function (renal, hepatic, cardiac reserve), age, and performance status. All chemotherapy carries risk — the question requires spec",0.0
grounded,Phi-3-mini,ambiguous,Is chemotherapy safe?,"The provided context states concerns about the potential severe adverse reactions associated with certain medications used in treating Kaposi's Sarcoma Multicentric Programme (KMP). Specifically, it m","Safety depends on the specific agent, cumulative dose, patient organ function (renal, hepatic, cardiac reserve), age, and performance status. All chemotherapy carries risk — the question requires spec",0.0966
correct_refusal,Llama-3-8B,unanswerable,What are the indications for root canal treatment?,"The provided context does not contain any information about root canal treatment. The topic discussed is vascular tumors, vascular malformations, lymphatic malformations, and lymphangiomatosis, specif",The provided context does not contain enough information to answer this question.,0.0
